waktu,penutur,teks
20:05,Arief Budiman,calon presiden dan calon wakil presiden nomor urut calon presiden dan calon wakil presiden nomor urut 1 dan calon presiden dan calon wakil presiden nomor urut 02
20:06,Arief Budiman,menyanyikan lagu kebangsaan Indonesia Raya hadirin dimohon berdiri
20:08,Arief Budiman,sambutan ketua Komisi Pemilihan Umum Republik Indonesia. Assalamualaikum wr.wb. Selamat malan dan salam dan salam sejahtera untuk kita semua. Yang kami hormati pasangan calon presiden dan wakil presiden nomor urut
20:09,Arief Budiman,"01 Bapak H. Joko Widodo dan Bapak KH Ma'ruf Amin. Yang kami hormati pasangan calon presiden dan wakil presiden nomor urut 02 Bapak H. Prabowo Subianto dan Bapak H. Sandiaga Sala hudin Uno bapak ibu hadirin sekalian yang berbahagia. Malam ini menjadi salah 1 malam yang bersejarah bagi bangsa Indonesia. untuk pertama kalinya kita menyelenggarakan kampanye, debat pasangan calon presiden dan wakil presiden bersamaan dengan gegap gempitanya jadwal kampanye pemilu legislatif. Debat malam ini masing masing pasangan calon akan diberikan kesempatan yang sama, untuk memaparkan visi misi dan program mereka secara mendalam tentang hukum ham korupsi dan"
20:10,Arief Budiman,"terorisme debat ini tidak hanya penting dan strategis bagi pasangan calon presiden dan wakil presiden tetapi juga bagi pemilih yang berdaulat pemilih akan memiliki kesempatan yang luas, untuk memahami dan menjadikan pemaparan pasangan calon presiden dan wakil presiden malam ini sebagai salah satu referensi penting saat menggunakan hak konstitusionalnya pada hari pemungutan suara tanggal 17 April 2019 debat yang dilaksanakan malam ini sangat strategis untuk mendukung cita-cita wujudkan pemilu yang berintegritas dan berkualitas. Berdebat itu biasa, perbedaan pendapat adalah keniscayaan dalam demokrasi. Debat yang bermanfaat, pemilih berdaulat negara kuat. Selamat menikmati debat. wassalamu'alaikum warahmatullahi wabarakatuh."
20:11,Arief Budiman,kita sambut moderator debat pertama calon presiden dan calon wakil presiden pemilu 2019 Ira Koesno dan Imam Priyono. selamat malam
20:11,Ira Koesno,penonton pendengar dan warganet selamat bergabung dalam debat calon presiden dan wakil presiden Republik Indonesia 2019
20:11,Imam Priyono,dan debat ini adalah debat pertama dari 5 debat yang diselenggarakan oleh Komisi Pemilihan Umum Republik Indonesia
20:11,Ira Koesno,saya Ira Koesno dan rekan saya
20:12,Ira Koesno,"Imam Priyono diberikan mandat oleh Komisi Pemilihan Umum KPU untuk menjadi moderator debat pertama capres cawapres 2019 sembilan belas, dan topik debat malam ini adalah hukum Hak Asasi Manusia HAM korupsi dan terorisme"
20:12,Imam Priyono,"dan debat ini terbagi dalam 6 segmen pada segmen pertama kita akan sama-sama mengikuti pemaparan visi dan misi dari para paslon, kemudian di segmen 2 dan tiga para paslon akan menjawab pertanyaan yang dirumuskan oleh para panelis dan akan ditanggapi oleh paslon lainnya, dan panelis pada kesempatan kali ini adalah panelis luar biasa yang memiliki reputasi kokoh"
20:12,Ira Koesno,"para panelis untuk debat malam ini adalah Agus Raharjdo, ketua KPK, Ahmad Taufan Damanik, ketua Komnas HAM, Bagir Manan mantan ketua Mahkamah Agung, Bivitri Susanti ahli tata negara, Margarito Kamis ahli"
20:13,Ira Koesno,tata negara dan Hikmah Hanto Juana guru besar hukum Universitas Indonesia
20:13,Imam Priyono,dan pada segmen selanjutnya atau segmen keempat maupun kelima para paslon akan saling bertanya kemudian menanggapi jawaban dan pada segmen keenam atau terakhir paslon akan memberikan kalimat penutup debat pada malam hari ini
20:13,Ira Koesno,"kami berharap dapat ini dapat berjalan dengan baik karenanya pada seluruh pendukung maupun undangan yang hadir dapat mematuhi tata tertib yang ditetapkan dan khusus bagi Anda warganet, kami meminta bijaksanalah menggunakan media sosial mari sama-sama kita dukung semangat untuk pemilu yang berintegritas dan berkualitas"
20:13,Imam Priyono,baik dan sebelum memulai rangkaian acara debat pertama capres maupun cawapres 2019 kami akan menyampaikan beberapa aturan main yang perlu dan harus diperhatikan
20:14,Imam Priyono,juga dipatuhi. Dan berikut adalah tata tertib debat capres cawapres 2019
20:14,Pembicara,tata tertib debat pertama capres dan cawapres pemilu 2019 untuk pasangan calon debat terbuka akan dipandu oleh moderator yang ditunjuk secara resmi oleh KPU Republik Indonesia. Pasangan calon akan diberikan waktu untuk berbicara tidak dibenarkan memotong pemaparan pasangan calon lain saat pasangan calon tersebut sedang berbicara waktu dimulai ketika pasangan calon mulai berbicara. Pasangan calon tidak diperkenankan memberi pertanyaan yang menyerang personal pasangan calon lain pertanyaan antar pasangan calon harus seputar tema debat pertama. Moderator akan menghentikan pemaparan pasangan calon ketika waktu yang tersedia telah habis. Tata tertib debat pertama capres dan cawapres pemilu 2019 untuk pendukung pasangan calon. Pendukung tidak melontarkan yel-yel atau teriakan selama acara debat berlangsung. Pendukung tidak memprovokasi pasangan calon maupun pendukung pasangan
20:15,Pembicara,calon lain. Panitia berhak memperingatkan dan mengambil tindakan kepada pendukung yang dianggap tidak mematuhi tata tertib
20:15,Ira Koesno,"baik para paslon kita akan memulai debat malam ini dengan mendengarkan visi dan misi masing-masing dari pasangan capres dan cawapres kita akan mulai dari pasangan nomor urut 01. Saya persilakan bapak Joko Widodo dan Bapak Ma'ruf Amin untuk menyampaikan untuk menyampaikan visi dan misi Anda, dengan topik hukum dan HAM terorisme dan korupsi waktunya adalah 3 menit dan dimulai pada saat perkataan pertama yang disampaikan silakan"
20:15,Joko Widodo,Bismillahirohmanirohim assalamu'alaikum warohmatullah wabarokatuh. waalaikum salam selamat malam salam sejahtera bagi
20:16,Joko Widodo,"kita semuanya, om swastiastu namo budaya salam kebajikan bapak ibu, saudara-saudara sekalian seluruh rakyat Indonesia yang saya cintai yang saya hormati pimpinan KPU dan Bawaslu yang saya hormati Bapak Prabowo Subianto dan Bapak Sandiago Uno kawan baik saya. yang saya hormati Bapak KH Ma'ruf Amin bapak ibu yang dihormati. visi kami adalah Indonesia maju kami menawarkan optimisme dan masa depan Indonesia berkeadilan. saya berkeyakinan semakin maju semakin demokratis dan modern sebuah negara maka penegakan hukum dan HAM akan semakin baik bukan hanya hak sipil dan"
20:17,Joko Widodo,"politik yang penting tetapi pemenuhan hak ekonomi sosial dan budaya menjadi pilihan kami untuk memajukan Indonesia seperti akses terhadap lahan, akses terhadap pendidikan akses, terhadap pelayanan kesehatan, akses terhadap pemodalan, dan hak atas pembangunan merupakan cara pemenuhan hak asasi manusia yang paling dasar memang kita masih memiliki beban pelanggaran HAM berat masa lalu tidak mudah menyelesaikannya karena masalah kompleksitas hukum, masalah pembuktian dan waktu yang terlalu jauh. harusnya ini sudah selesai setelah peristiwa itu terjadi, tapi kami tetap berkomitmen untuk menyelesaikan masalah HAM ini dan untuk menjamin hak"
20:18,Joko Widodo,"hak tersebut, negara harus didukung oleh sistem hukum yang adil dan penegakan supermasi hukum yang baik, melalui reformasi kelembagaan dan penguatan sistem manajemen hukum yang baik dan budaya taat hukum yang harus terus kita perbaiki dan hukum harus ditegakkan tanpa pandang bulu hukum harus ditegakan tanpa pandang bulu penegakan hukum yang tegas merupakan bagian dari upaya pemberantasan korupsi yang terus kita lakukan melalui perbaikan sistem pemerintahan dan bekerja sama menguatkan KPK serta mendorong sinergi antara KPK dengan kejaksaan dan Kepolisian dan terakhir kita tetap harus waspada terhadap ancaman terorisme pemerintah terus bekerja keras lewat pendekatan penegakan hukum yang tegas dan pendekatan yang persuasif waktunya habis Pak Jokowi lewat pembinaan agama ekonomi sosial"
20:19,Ira Koesno,Pak Jokowi
20:19,Pembicara,terima kasih baik mohon tenang kami akan
20:19,Imam Priyono,"segera lanjutkan kami persilakan Pak Prabowo dan Pak Sandiaga Salahuddin Uno berkenan menempati podium berikutnya mari kita dengarkan visi dan misi dari pasangan nomor urut 02 dan saya akan persilakan Bapak Prabowo Subianto dan bapak Sandiaga Salahuddin Uno, untuk menyampaikan visi dan misi Anda dengan topik hukum dan HAM, terorisme dan korupsi, dan waktu Anda adalah 3 menit dimulai saat"
20:19,Pembicara,Anda berbicara. Bismillahirrahmaanirrahim assalamu'alaikum wr.wb. salam sejahtera bagi kita sekalian
20:19,Prabowo Subianto,shalom om sosiastu nama budaya. Saudara saudara sekalian hadirin hadirat yang saya
20:20,Prabowo Subianto,"hormati pasangan calon nomor 1 yang saya hormati dan saya banggakan saudara-saudara kalian. misi kami kami beri nama Indonesia menang Indonesia menang karena sekarang kita rasakan indikator indikator menujukan bahwa kita berada dalam kondisi yang tidak begitu menguntungkan. Di dunia ini ada 200 ratus negara kurang lebih 30 disebut sangat berhasil 30 sangat tidak berhasil dan miskin, sisanya berada di tengah tengah. Ciri khas negara yang berhasil adalah harus swasembada pangan, bahan bakar, air bersih. Dan juga lembaga lembaga pemerintahan harus kuat terutama lembaga lembaga penegak hukum hakim, jaksa, dan polisi harus unggul dan harus baik dan harus tidak boleh sama sekali diragukan integritasnya"
20:21,Prabowo Subianto,"karena itu kami dalam menghadapi masalah hukum masalah korupsi masalah HAM dan masalah terorisme kami ingin menyelesaikan dari muara masalah muara masalah menurut kami adalah kita harus cukup uang untuk menjamin kualitas hidup semua petugas yang punya wewenang mengambil keputusan, sehingga dia tidak bisa di korupsi. Dia tidak bisa tergoda oleh godaan godaan koruptor atau yang akan menyogok dan akan mempengaruhi dia ini strategi kami. Kita bisa mengatasinya secara represif tapi menurut kami masalahnya harus berakar dari akar masalah. kita harus gaji hakim kita begitu hebat sehingga dia tidak akan terpengaruh demikian jaksa, demikian polisi, untuk itu kita harus menguasai sumber sumber ekonomi bangsa Indonesia. Itu saya kira strategi utama kita"
20:22,Prabowo Subianto,"kita yakin dengan lembaga lembaga yang bersih yang kuat, kita bisa menegakkan kepastian hukum. Hukum untuk semua bukan hukum untuk orang-orang kuat atau orang-orang kaya saja. Saya kira itu tekat kami keadilan untuk semua, keamanan untuk semua, kemakmuran untuk semua, saya kira demikian"
20:22,Sandiaga Uno,"Hukum yang tidak tebang pilih tidak tajam ke bawah tapi tumpul ke atas. Hukum yang menghadirkan kepastian sehingga bisa membuka peluang ekonomi, menciptakan lapangan kerja. Juga kita pastikan, hukum tersebut, menghadirkan rasa keadilan bagi masyarakat. Banyak masyarakat yang masih mengeluh itu PR kita, dan bersama Prabowo Sandi, insya Allah kita tegakkan hukum kita pastikan tidak ada korupsi lagi"
20:22,Imam Priyono,"waktunya habis, waktunya habis Pak Sandiaga Uno. Penonton pendengar"
20:23,Imam Priyono,"dan warganet, usai jeda kami akan segera kembali untuk Anda dan kami akan memperdalam visi misi yang baru saja disampaikan. Masing-masing paslon akan menjawab pertanyaan yang telah disiapkan oleh 6 orang panelis"
20:23,Ira Koesno,Tapi pertanyaan tersebut hanyalah pemantik. Karena masing-masing paslon harus memberikan tanggapan atas jawaban paslon lainnya. Karena itu tetaplah bersama kami di debat pertama capres dan cawapres 20
20:24,Ira Koesno,19
20:31,Ira Koesno,penonton mendengar dan warganet kita kembali dalam debat pertama capres dan cawapres pemilu 2019 dan di sesi ini akan ada pertanyaan untuk masing-masing pasangan calon terkait bidang hukum paslon akan menjawab dari podium masing-masing dan pertanyaan hanya dibacakan satu kali oleh karena itu tolong dapat disimak baik-baik oleh para paslon kami perlu tegaskan bahwa pertanyaan yang kisi-kisinya telah diberikan sebelumnya kepada para paslon hanyalah pemantik karena jawaban yang diberikan paslon akan harus langsung ditanggapi paslon lainnya untuk kemudian di respon kembali artinya para paslon ini bukan pidato mulai segmen ini kita sudah bisa melihat bagaimana Anda melakukan narasi
20:32,Ira Koesno,dan argumen dalam menjawab serta menanggapi dan di meja saya sudah kelihatan ada 5 amplop saya mulai dari yang paling kanan saya ada A B C D dan E jelas oleh paslon juga dan para pendukung saya akan dibantu oleh rekan saya Imam Priyono sudah membawa di sana KPU dan timses kedua pasangan calon beberapa waktu yang lalu telah mengundi siapa yang pertama kali mendapat giliran menjawab pertanyaan dan hasilnya pasangan calon nomor urut 02 yang pertama kali Imam silahkan mendekat ke pasangan calon 02 
20:32,Imam Priyono,mohon Pak Prabowo dan Pak Sandi segera menuju podium kami persilakan memilih salah satu bola yang ada di dalam Pak Prabowo Pak Sandiaga Uno langsung diperlihatkan kepada Imam
20:32,Ira Koesno,Pak Sandi supaya disebutkan oleh Imam huruf apa
20:32,Imam Priyono,tolong dilihatkan kepada saya pak tunjukkan juga kepada saya  
20:32,Ira Koesno,kemudian ke kamera Pak Sandi 
20:32,Imam Priyono,amplop B
20:33,Ira Koesno,"B, ya boleh dikembalikan ke imam, para paslon hadirin amplop masih tersegel saya akan buka harap didengar dengan baik hanya dibacakan satu kali kepastian hukum sangat penting bagi warga pelaku usaha dan jalannya pemerintahan namun ternyata banyak peraturan perundang-undangan yang tumpang tindih serta tidak harmonisnya peraturan di tingkat pusat serta daerah apa strategi Anda untuk menyelesaikan masalah tersebut akan dimulai ketika Anda menjawab waktunya adalah 2 menit, Silakan."
20:33,Prabowo Subianto, Kami akan memberdayakan badan pembinaan hukum nasional kami akan perkuat dengan pakar-pakar hukum yang terbaik untuk melakukan
20:34,Prabowo Subianto,sinkronisasi penyelarasan sehingga undang-undang peraturan peraturan di pusat tidak bertabrakan dengan peraturan peraturan di daerah ini sulit ini pekerjaan besar tapi harus kita lakukan supaya ada kepastian hukum supaya semuanya tahu sistem hukum di Indonesia dan hukum itu bekerja untuk semuanya. 
20:34,Sandiaga Uno,partisipasi publik juga sangat penting kami akan melibatkan para ahli baik dari universitas di pusat maupun di daerah karena banyak sekali produk-produk hukum ini juga diterbitkan oleh pemerintah daerah maupun DPRD jadi kami akan memastikan bahwa pekerjaan besar ini harus dipimpin oleh pemimpin utama yaitu presiden dan wakil presiden kami akan bertanggung jawab untuk memastikan harmonisasi dan sinkronisasi ini bisa menghadirkan kepastian hukum sehingga kepastian hukum itu bisa dirasakan menghadirkan keadilan bukan hanya untuk orang kaya
20:35,Sandiaga Uno,"tapi juga untuk seluruh lapisan masyarakat kami ingin juga pastikan bahwa hukum itu bisa menghadirkan 1 peluang untuk berinvestasi untuk membuka lapangan kerja. Negeri yang kaya raya ini, negeri yang luar biasa Gemah Ripah Loh Jinawi ini masih menyisakan banyak masalah lapangan kerja susah didapat peluang usaha susah dilakukan oleh masyarakat karena ketidakpastian hukum di bawah Prabowo Sandi, hukum harus ditegakkan dan dalam waktu yang singkat harus kita sinkronkan dan ciptakan harmonisasi kepastian hukum akan meningkatkan investasi lapangan kerja akan tercipta kesejahteraan akan dirasakan oleh masyarakat kami berkomitmen kepastian hukum ini akan menjadi prioritas-prioritas utama di bawah Indonesia menang Prabowo Sandiadil makmur di 2019 - 2024."
20:35,Ira Koesno,waktunya habis langsung saya persilakan harap para pendukung paslon 02
20:36,Ira Koesno,ditahan dulu saya langsung persilakan paslon 01 menanggapi jawaban dari paslon 02 waktunya adalah 1 menit dimulai dari kata pertama yang diucapkan 
20:36,Joko Widodo,"kami berbeda dengan Pak Prabowo dan Pak Sandi penting sekali harmonisasi regulasi kita, oleh sebab itu kami akan menggabungkan fungsi-fungsi legislasi baik yang ada di BPHN di Dirjen peraturan perundang-undangan dan fungsi-fungsi legislasi yang ada di semua kementerian akan kita gabungkan dalam badan yang namanya pusat legislasi nasional sehingga dikontrol langsung oleh presiden"
20:36,Ira Koesno,dikontrol langsung oleh presiden
20:36,Joko Widodo,satu pintu sehingga tidak terjadi tumpang tindih perda perda yang ada di daerah-daerah juga harus berkonsultasi agar tidak tumpang tindih konsultasi ke pusat legislasi
20:37,Joko Widodo,nasional yang kedua akan kita sederhanakan semuanya sehingga apabila ada tumpang tindih langsung langsung kelihatan dan bisa kita lakukan revisi dengan baik.
20:37,Ira Koesno,"Baik saya langsung berikan, harap tenang untuk pendukung paslon 01, kita lanjut kepada paslon 02 silakan memberikan tanggapan atas tanggapan paslon 01 waktunya adalah 1 menit silakan."
20:37,Prabowo Subianto,baik terima kasih kalau saya kok tidak lihat perbedaan karena-karena memang pemerintah ya bertanggung jawab untuk melaksanakan penyelarasan dan juga untuk melakukan perbaikan kemudian juga menghasilkan produk-produk itu ini tugas pemerintah pemerintah adalah presiden adalah chief law and enforcement officer adalah adalah penanggung jawab pelaksanan dan penegakan hukum itu tanggung
20:38,Prabowo Subianto,jawab presiden jadi saya tidak mempersoalkan itu tapi yang jelas kenyataannya sekarang tumpang tindih menumpuk begitu banyak peraturan perlu ada bantuan pakar-pakar untuk membantu pemerintah mempercepat ini masalah semua kita ingin percepatan selalu urusan di Indonesia masalah terbanyak masalah terbesar kita ingin terobosan harus ada terobosan itu jawaban saya 
20:38,Ira Koesno,"baik kita boleh tepuk tangan untuk kedua paslon sebelum kita masuk ke sesi berikutnya baiklah jadi kita akan masuk kepada sesi kedua untuk pertanyaan yang masih berkaitan dengan tema hukum, kali ini giliran paslona nol satu untuk menjawab imam silakan mendekat ke paslon 01,"
20:38,Imam Priyono, Pak Jokowi pak maruf silakan di pilih salah 1
20:38,Ira Koesno,nanti ditunjukkan nanti ditunjukan silahkan ditunjukkan kepada kami dan layar silakan di ajukan
20:39,Ira Koesno,ke kamera pak nomor berapa huruf A. huruf A baik huruf A para paslon masih disegel. Harap diperhatikan pertanyaan hanya satu kali. Di masyarakat kerap dipertentangkan antara ketegasan penegakan hukum dengan isu ham dalam konteks seperti apa ketegasan penegakan hukum harus dikedepankan dan dalam konteks apa ham yang harus mendapat perhatian Jawaban harap merujuk pada kasus kasus konkrit agar dapat secara jelas menggambarkan permasalahan yang dihadapi waktunya adalah 2 menit dimulai dari perkataan pertama. Silakan.
20:39,Joko Widodo,Jangan mempertentangkan antara ham dan Pendidikan
20:40,Joko Widodo,penindakan hukum penindakan hukum yang sesuai dengan prosedur itu pelanggaran ham misalnya penahanan terhadap tersangka memang itu merampas kemerdekaan seseorang tapi penegakan hukum itu melindungi masyarakat jadi kalau ada tersangka korupsi misalnya ditahan itu bukan itu bukan pelanggaran HAM itu adalah prosedur hukum yang memang harus dilakukan dan kita ingin aparat kita tahu bahwa itu dilakukan agar misalnya tersangka tidak menghilangkan barang bukti yang kedua mungkin tersangka tidak calon tersangka tidak melarikan diri dan jika ada pelanggaran hukum yang melanggar prosedur pendidikan hukum yang melanggar
20:41,Joko Widodo,prosedur ya silakan ada mekanisme yang bisa kita tempuh lewat prapradilan misalnya jadi tadi jangan di pertentangkan kan antara penegakan hukum dan ham mungkin pak kiai bisa menambahkan
20:41,Maruf Amin, cukup sudah cukup
20:41,Ira Koesno,waktunya masih ada mau ditambahkan paslon 01
20:41,Maruf Amin,saya tidak menambah saya saya mendukung pernyataan Pak Jokowi 
20:41,Ira Koesno,baik kita langsung saja kita langsung saja kepada paslon pendukung 01 kita langsung pada paslon dua silakan menanggapi jawaban dari paslon 01 waktunya 1 menit
20:41,Prabowo Subianto,ingin bertanya bahwa bapak kan sudah memerintah selama 4 tahun lebih yang kita ketemukan ada perasaan di masyarakat bahwa kadang-kadang aparat itu
20:42,Prabowo Subianto,"berat sebelah. Sebagai contoh kalau ada kepala daerah gubernur-gubernur yang mendukung paslon 01 itu menyatakan dukungan tidak apa-apa, tapi ada kepala desa Jawa Timur menyatakan dukungan kepada kami sekarang ditahan pak ditangkep jadi saya kira ini juga suatu perlakuan tidak adil ya juga menurut saya pelanggaran ham karena menya menyatakan pendapat itu dijamin oleh undang dasar pak jadi sebetulnya siapa pun boleh menyatakan pendapat dukungan siapapun saya kira ini yang kami mohon Bapak perhitungkan mungkin juga ada anak buah Bapak yang mungkin berlebihan "
20:42,Ira Koesno,waktunya habis Pak Prabowo selanjutnya langsung dari paslon 01 menanggapi tanggapan paslon 02 waktunya 1 menit
20:43,Joko Widodo,"jangan menuduh seperti itu Pak Prabowo karena kita ini adalah negara hukum ada prosedur hukum ada mekanisme hukum yang bisa kita lakukan. Kalau ada bukti sampaikan aja ngga pra hukum jangan kita ini kita ini sering grusak-grusuk menyampaikan sesuatu misalnya apa jurkamnya Pak Prabowo misalnya ini, katanya dianiaya mukanya babak belur kemudian konferensi pers bersama-sama akhirnya apa yang terjadi ternyata operasi plastik, kalau ada... lho ini negara hukum kalo ada bukti bukti silakan lewat mekanisme hukum laporan dengan bukti-bukti yang ada gampang sekali kok gampang sekali hukum ini kenapa harus menuduh nuduh seperti itu"
20:43,Ira Koesno,waktunya habis Pak Jokowi waktunya habis berakhirnya waktu tadi berarti kita sudah selesai
20:44,Ira Koesno,"dengan tema hukum saya perlu ingatkan kepada para pen dukung paklon untuk para pendukung pak serta hadirin tepuk tangan ataupun Yelyel hanya bisa dilakukan setelah selesai. Kita biarkan paslon kita bicara dan terdengar dengan jelas karena audience adalah bukan hanya di ruangan ini saya minta kita semua menghormati itu, Imam"
20:44,Imam Priyono,"Ira terima kasih dan sekarang kita segera menuju ke tema yang lain ya hak asasi manusia dan sesuai dengan hasil pengundian yang telah dilakukan beberapa waktu yang lalu kita akan sama-sama memulai dari 02 dan beberapa saat lagi kita akan segera memulai dan ira akan tetap pemandu jalannya debat pada segmen kali ini Ira ya silakan selanjutnya kami persilakan Pak Prabowo dan pak sandiaga Uno mengambil salah satu, E ira amplop"
20:45,Ira Koesno,"E baik, saya tunjukkan kepada paslon dan ini mas masih tersegel untuk HAM pertanyaan pertama Indonesia adalah negara yang sangat beragam dari sisi agama etnis golongan dan jangan politik namun dalam kenyataan masih terjadi diskriminasi dan persekusi dari sisi HAM, apa strategi Anda untuk mengatasi masalah-masalah ini? Waktunya adalah 2 menit dimulai dari perkataan pertama silakan."
20:45,Prabowo Subianto, Tadi saya sudah katakan dalam sistem bernegara seorang
20:45,Prabowo Subianto,kepala negara disebut chief executive/kepala eksekutif berarti seorang kepala negara
20:46,Prabowo Subianto,Presiden adalah yang tadi saya sebut sebut chief law enforcement officer dia adalah petugas penegak hukum yang tertinggi di negara ini karena itu saya akan menatar seluruh aparat penegak hukum saya akan instruksikan saya akan tegaskan bahwa tidak boleh diskriminasi nasi terhadap suku apapun agama apapun etnis apapun jadi intinya adalah aparat itu tanggung jawab kepala eksekutif jadi kita harus jamin kalau ada pejabat yang menyimpang saya akan pecat. Demikian. Bapak-Ibu
20:46,Sandiaga Uno,dalam kunjungan ke 1000 titik lokasi bertemu masyarakat saya menemukan hal-hal yang sangat membuat kita miris bahwa ada kisah Pak najib seorang nelayan di pantai Pasir Putih Cila maya di Karawang beliau mengambil pasir untuk menanam di mangrove
20:47,Sandiaga Uno,"di hutan bakau beliau dipersekusi dikriminalisasi, banyak persekusi dan kriminalisasi ini tidak terpantau dan hanya kita lihat yang besar-besar saja yang naik sementara kasus yang berdampak ke pada masyarakat orang-orang kecil wong cilik tidak ditangani dengan baik di bawah Prabowo Sandy hukum harus ditegakkan untuk rakyat kecil, kita harus menghadirkan kesejahteraan kepada mereka. Jangan hukum ini di pakai untuk memukul lawan tapi melindungi kawan kita pastikan hukum ini tegak lurus supremasi HAM harus kita pastikan ha dir Indonesia Timur Prabowo-Sandi, HAM akan kita tegakkan dan ini harga mati buat kita. Adil makmur bersama map Prabowo Sandy."
20:47,Ira Koesno,langsung saya ke paslon no 01 silakan menanggapi jawaban paslon nomer 02 waktunya  satu menit
20:48,Joko Widodo,"keragaman perbedaan perbedaan baek beda suku beda agama beda adat tradisi beda bahasa daerah adalah sudah menjadi Sunatullah sudah jadi hukum Allah yang diberikan kepada bangsa kita Indonesia dan aset terbesar bangsa ini adalah persaudaraan asa terbesar bangsa ini adalah persatuan aset terbesar bangsa ini terukur nah oleh sebab itu saya selalu mengajak marilah menjaga ukhuwah islamiyah kita menjaga ukhuwah watoniyah kita karena persatuan persaudaraan adalah aset terbesar bangsa yang kita cintai ini kalau memang ada persekusi. Tadi Pak Sandi nuduh-nuduh lagi tadi. Gampang sekali, laporkan saya akan perintahkan tindak tegas pelaku tersebut"
20:49,Ira Koesno,waktunya habis silakan paslon 02 menanggapi tanggapan paslon 01  waktunya satu menit
20:49,Sandiaga Uno,"Pk Presiden yang sangat saya hormati saya tidak menuduh yang kami sampaikan adalah cerita yang kami tampung dalam kunjungan kita bertemu dengan masyarakat kami ingin dirikan menghadirkan rasa keadilan hak asasi manusia kita pikir definisi-definisi yang besar tapi untuk masyarakat kecil itu adalah hak mendapatkan lapangan pekerjaan seperti dijamin oleh konstitusi kita Undang-Undang dasar 45 pasal 27 ayat dua bahwa setiap masyarakat wajib mendapatkan lapangan pekerjaan yang layak itu yang ingin kami hadirkan kami ingin buka lapangan kerja seluas luasnya rakyat berjuang untuk mendapatkan penghidupan yang lebih layak, mereka inginkan mata pencaharian dan biaya hidup yang terjangkau prabowo sandi akan berpihak"
20:50,Sandiaga Uno,kepada rakyat Prabowo Sandy akan memastikan bahwa HAM juga mencakupi akses terhadap pendidikan terhadap kesehatan dan terhadap mata pencarian yang baik demikian Bapak Presiden 
20:50,Ira Koesno,ya kita boleh tepuk tangan bersama-sama untuk sesi pertama
20:50,Ira Koesno,tema HAM dan kini kita akan langsung masuk ke sesi kedua masih dengan tema hak  asasi manusia kini giliran paslon 01 imam silakan mendekat
20:50,Imam Priyono,Pak Jokowi dan korup tak mau ke Selatan milih satu lagi tolong tunjukan baik saya bantu milih satu lagi tolong tunjukan baik saya bantu 
20:50,Ira Koesno,dapat huruf apa mam
20:50,Imam Priyono,C
20:50,Ira Koesno,ditunjukan mam supaya lebih jelas
20:50,Imam Priyono,c bahwa amplop Ira
20:50,Ira Koesno,amplop c baik amplop c masih tersegel saya akan buka paslon 01 kelompok penyandang disabilitas masih sering mengalami diskriminasi terkait masalah kesejahteraan
20:51,Ira Koesno,fasilitas publik serta hak-hak politik bagaimana Anda memahami isu disabilitas dan apa program Anda untuk memastikan pemenuhan hak-hak penyandang disabilitas waktunya 2 menit dimulai dari kata pertama silakan.
20:51,Joko Widodo,Setelah keluar Undang-Undang mengenai penyandang disabilitas
20:51,Joko Widodo,tahun 2016. Saya melihat bahwa paradigma terhadap kaum disabilitas disini sudah berubah yang sebelumnya adalah bantuan sosial adalah kedermawanan yang harus kita berikan kepada mereka tetapi yang sekarang dengan undang undang yang baru kita mellihat paradigmanya adalah pemenuhan hak-hak pemerintah kita sudah
20:52,Joko Widodo,"meberikan fasilitas-fasilitas saat ini pas untuk pangan hal itu baik hak untuk pekerjaan untuk perumahan untuk fasilitas umum yang ramah terhadap disabilitas, meskipun juga baru beberapa kota tetapi sudah kita mulai kemudian juga yang berkaitan dengan kesetaraan bisa saya berikan contoh di dalam event Asian para game ini event disabilitas terbesar di Asia kita juga memberi bonus yang sama dengan atlit yang berlaga di Asian Games. Contoh misalnya, yang mendapatkan emas dapat 1 setengah miliar, yang dapat perak bisa kita break"
20:53,Joko Widodo,dan bonus 500 juta yang dapat perunggu kita berikan bonus 250 juta sama seperti atlit atlit yang ber laga di asian games artinya bahwa setaraan itu betul-betul kita berikan kepada kaum disabilitas yang mulai Sekarang ini kita terus perhatikan mereka. 
20:53,Ira Koesno,waktunya habis Pak Jokowi silakan paslon 02 menanggapi jawaban paslon 01 waktunya 1 menit silakan siapa yang akan menjawab dimulai dari perkataan pertama.
20:53,Sandiaga Uno,Lukman Dewantara seorang teman babel yang kan ditemui adalah inspirasi Prabowo Sandi beliau bukan mencari lapangan kerja tapi menciptakan lapangan kerja beliau menjadi mentor bisnis online dan ratusan murid kesetaraan tadi bukan hanya kesetaraan akses
20:54,Sandiaga Uno,infrastruktur atau akses terhadap pendidikan dan kesehatan tapi juga akses untuk bisa maju mendapat peluang untuk membuka lapangan pekerjaan Prabowo sandi berkomitmen kita akan memastikan putra-putri terbaik bangsa yang difabel hidup untuk memenuhi potensinya mereka bukan menjadi beban sama sekali mereka tidak butuh belah kasihan mereka butuhkan kesetaraan memastikan agar mereka bisa mendapat menghasilkan peluang lapangan pekerjaan peluang untuk hidup yang lebih baik dan peluang untuk menjadikan keluarga mereka menjadi keluarga yang sejahtera  terimakasih
20:54,Ira Koesno,para paslon para paslon terus saya ingatkan yang diberi tanggap adalah dari paslon lainnya saya lanjut pada paslon 01 tolong ditanggapi yang dikatakan oleh paslon 02 wak tunya adalah 1 menit dari sekarang  silakan pak
20:55,Joko Widodo,ya saya kira contoh-contoh seperti yang disampaikan pak sandi banyak sekali tidak hanya di satu bidang tapi banyak bidang kaum disabilitas betul-betul sekarang ini bisa setara artinya kita sangat menghargai semua prestasi yang telah mereka kerjakan dan juga hasil-hasil karya yang telah mereka kerjakan saya kira tadi pak apa yang disampaikan pak sandi mirip-mirip yang sudah saya sampaikan tadi ini cukup.
20:55,Ira Koesno,Waktunya masih ada mau dimanfaatkan paslon 01?
20:55,Maruf Amin,Iya saya kira yang penting adalah membangun budaya masyarakat untuk memberikan penghormatan dan kepada kelompok disabilitas menyamakan perlakuannya baik disabilitas maupun non disabilitas nabi sendiri pernah ditegur oleh Allah ketika
20:56,Ira Koesno,waktunya habis Pak Ma'ruf Kita boleh tepuk tangan. Ini adalah selesai tema yang kedua Hak Asasi Manusia dan penonton serta warganet usai jeda kami akan kembali masuk ke dalam segmen pedalaman visi dan misi masing-masing pasangan calon namun kali ini di bidang korupsi dan terorisme sekali lagi ini adalah debat dan bukan pidato adu gagasan pemikiran dan argumentasi harusnya ki kita saksikan kembali tetaplah bersama kami di Debat Pertama Capres Cawapres 2019.
21:04,Imam Priyono,"Iya penonton, pendengar, dan warganet dimanapun Anda berada. kita sama-sama kembali di sebuah suasana luar biasa, yaitu debat pertama pasangan capres dan cawapres 2019. Dan sekarang kita memasuki ke tema korupsi dan nepotisme. Mohon maaf, korupsi dan terorisme. Dan peraturan nya masih tetap sama dengan segmen sebelumnya dan pertanyaan ya saya lagi kami mengingatkan hanya akan kami bacakan sebanyak"
21:05,Imam Priyono,satu kali. kami berharap dalam debat kali ini narasi kuat dan fundamental hadir di tengah ruang publik. Di meja saya sudah ada lima buah amplop dari huruf A hingga huruf E. Kemudian pilihan akan diambil kembali oleh masing-masing paslon dan akan di bantu oleh Ira Koesno. Ira menuju yang pertama ke pasangan 01 kami persilakan 
21:05,Ira Koesno,"Pak jokowi dan pak Maruf Silakan siapa yang mau mengambil. Saya ditunjukkan pak ya. A,"
21:05,Imam Priyono,"amplop A, saya langsung ambil amplop A. ini amplopnya masih tersegel dan saya akan langsung bacakan pertanyaannya. Baik, saya hanya bacakan sekali mohon diperhatikan untuk menduduki jabatan"
21:06,Imam Priyono,"publik seringkali dibutuhkan biaya yang sangat tinggi, sehingga setelah menduduki jabatan perilaku korupsi kerap tidak terhindarkan. apa strategi Anda untuk mengatasi politik berbiaya tinggi ini. Waktunya 2 menit di mulai saat anda berbicara"
21:06,Joko Widodo,"Prinsipnya recruitment itu harus berbasis kepada kompetensi, bukan finansial dan bukan nepotisme oleh sebab itu untuk pejabat-pejabat birokrasi recruitment harus dilakukan transparan sederhana dengan standar-standar yang jelas dan untuk jabatan-jabatan politik perlu sebuah penyedia dan sistem di dalam sistem kepartaian kita. Sehingga"
21:07,Joko Widodo,"pemilu menjadi murah, pejabat-pejabat tidak terbebani oleh biaya-biaya pemilu sehingga kita harapkan, kita bisa memangkas politik uang, bisa memangkas suap, bisa memangkas korupsi dan kita bisa mendapatkan pejabat-pejabat publik yang memiliki integritas, yang memiliki kapasitas yang baik dan kita harapkan dengan recruitment recruitment ini jabatan-jabatan baik itu Bupati, baik itu Walikota, baik itu gubernur dan seterusnya kita akan dapatkan putra-putri terbaik karena memang recruitment-nya berjalan dengan transparan, akuntabel, dan bisa semua orang melihat dan sekarang"
21:08,Joko Widodo,"sudah kita lakukan. Contoh rekrutmen ASN kita PNS kita bila pasar terbuka. semuanya bisa cek, hasilnya juga bisa cek, anak saya tidak bisa terima di situ karena memang tidak lulus. Makasih"
21:08,Imam Priyono,Waktu habis kami persilakan paslon 02 menanggapi waktunya 1 menit
21:08,Prabowo Subianto,"Ya jadi kalau kami menilai bahwa perlu ada langkah-langkah yang lebih konkrit praktis dan segera. sebagai contoh, bagaimana bisa seorang gubernur gajinya delapan juta. Kemudian dia mengelola provinsi umpamanya Jawa Tengah yang lebih besar dari Malaysia dengan APBD yang begitu besar jadi ini hal-hal yang tidak realistis. Jadi saya kira"
21:09,Prabowo Subianto,"seorang kepala pemerintah eksekutif kalau benar-benar berniat untuk memperbaiki itu kita segera berani melakukan terobosan-terobosan supaya penghasilan para pejabat publik itu sangat besar. Kemudian kita potong semua kebutuhan kebutuhan kampanye, sebagai contoh TV adalah milik rakyat dunia maya jadi enggak boleh kita terlalu banyak bayar untuk muncul di TV. Demikian juga radio demikian juga baliho-baliho di kota-kota itu harus"
21:09,Imam Priyono,Waktunya habis.
21:09,Prabowo Subianto,yak terima kasih.
21:09,Imam Priyono,selanjutnya saya persilakan kembali di tanggapi waktunya 1 menit 
21:09,Joko Widodo,"ya tadi sudah saya sampaikan bahwa rekrutmen yang berbasis kompetensi dan bukan finansial itu menjadi kunci. saya berikan contoh saya sendiri, pada saat pemilihan walikota saya betul-betul"
21:10,Joko Widodo,"menggunakan anggaran begitu sangat kecil. ke partai pun waktu pemilihan gubernur di DKI Jakarta saya tidak mengeluarkan uang sama sekali. pak Pak Pak Prabowo pun juga tahu mengenai itu, ketua partai pendukung pun juga tahu mengenai itu. tetapi memang ini sekali lagi memerlukan sebuah proses yang panjang, memerlukan proses yang panjang. Artinya apa pergerakan politik itu bisa dimulai dari relawan. Bisa dimulai dari keinginan publik untuk mendapatkan pemimpin-pemimpin yang tanpa mengedepankan finansial."
21:10,Imam Priyono,"waktunya habis. Sebelum kami melanjutkan, kami mengingatkan untuk para pendukung khususnya 02 mohon kami berharap saling menjaga dan saling menghormati. Dan selanjutnya kami akan menuju ke sesi 2 tema korupsi dan kami persilakan Ira menuju ke paslon 02."
21:11,Ira Koesno,Pak Prabowo Pak Sandy silakan yang akan mengambil ditunjukkan pak sandi ke kamera ya saya bisa minta.
21:11,Imam Priyono,amplop D baik masih tersegel. Mohon disimak saya hanya baca kan satu kali. Birokrasi merupakan ujung tombak negara untuk memenuhi hak-hak warga dan pembenahan birokrasi merupakan salah satu upaya untuk memberantas korupsi. Bagaimana langkah-langkah Anda untuk mewujudkan birokrasi yang bebas dari korupsi waktunya dua menit
21:11,Prabowo Subianto,"Berkali-kali saya utarakan di ruang publik, akar masalahnya adalah"
21:12,Prabowo Subianto,"bahwa penghasilan para pegawai negeri para birokrat-birokrat itu kurang, tidak realistis, kalau saya memimpin negara ini pemerintahan, saya akan perbaiki kualitas hidup semua birokrat dengan realistis kemudian bertanya uangnya dari mana. Saya akan tingkatkan tax ratio yang sekarang berada di 10 % bahkan lebih rendah, kita kembalikan ke minimal 16 % tax ratio berarti kita akan dapat mungkin minimal 60 mil tiap dollar lebih. Dengan demikian saya akan perbaiki gaji-gaji semua pejabat birokrat dan semua pegawai negeri saya kira dengan kita tingkatkan gajinya dengan signifikan, perbaiki kualitas hidup, jamin kebutuhan kebutuhan dia kalau dia masuk korupsi yang kita harus tindak"
21:13,Prabowo Subianto,sekeras kerasnya ya kalau perlu kita contoh tindakan tindakan drastis negara-negara lain kita taro di manangkin suruh tambang pasir di pulau yang terpencil terus-menerus mungkin. Jadi kita perbaiki penghasilannya. Itu yang kita perlukan. Tidak masuk akal pejabat begitu penting penghasilannya sedikit tetapi sesudah itu kita awasi dengan ketat dengan segala senjata instrumen perangkat yang kita miliki inspektorat pengawas pengawas tadi saya sebut kejaksaan polisi KPK kami akan perkuat KPK kami akan bikin KPK jika di daerah-daerah di provinsi-provinsi kami akan tambah anggaran KPK KPK harus menjadi penegak antikorupsi di Republik Indonesia ini
21:13,Imam Priyono,Masih ada waktunya
21:14,Sandiaga Uno,benahi pencatatan dan aset negara penting
21:14,Imam Priyono,selanjutnya kami persilakan paslon no 1 untuk menanggapi waktunya 1 menit
21:14,Joko Widodo,"saya tidak setuju apa yang tadi disampaikan oleh Pak Prabowo karena kita tahu kita tahu gaji di ASN kita PNS kita sekarang ini menurut saya sudah cukup dengan tambahan tunjangan kinerja yang sudah besar. Yang penting buat saya sekarang adalah perampingan birokrasi kemudian ada mekanisme sistem rekrutmen putra-putri terbaik melalui merit sistem mutasi bidang promosi sesuai dengan kompetensi,sesuai dengan integritas, sesuai dengan prestasi, sesuai dengan rekam jejak, dan kemudian yang kedua juga ada pengawasan internal yang kuat di penting sekali pengawasan internal dan juga tentu saja pengawasan eksternal baik dari masyarakat baik dari media saya kira penting sekali baik dari komisi ASN penting sekali pengawasan internal ini"
21:15,Joko Widodo,bagi perbaikan untuk birokrasi yang bersih terimakasih
21:15,Imam Priyono,selanjutnya kami persilakan kembali untuk paslon 02 memberikan tanggapan.
21:15,Prabowo Subianto,ya saya kira terus masalahnya yang saya lihat saya pelajari dari kasus banyak negara adalah tadi walaupun ada tunjangan ada macem-macem yang disebut untuk kinerja tapi tetap ada ketakutan para birokrat akan masa depan mereka jadi di-di situlah terjadi sikap ragu-ragu dan sikap tidak kuat mendel mendapat godaan tawaran tawaran dari swasta untuk bertindak di luar kepentingan rakyat kepentingan umum
21:15,Sandiaga Uno,ya dengan membenahi pencatatan aset negara saya pengalaman
21:16,Sandiaga Uno,waktu di DKI bahwa kita bisa mendapatkan predikat wajar tanpa pengecualian itu digunakan dengan memotivasi para ASN menggunakan teknologi informasi kalo kita sudah tahu aset kita mungkin akan lebih sulit untuk di korupsi ke depan
21:16,Imam Priyono,waktunya habis. Demikian tadi untuk tema korupsi telah selesai. Dan kita segera beralih ke tema terorisme. Ira
21:16,Ira Koesno,"baik kita akan masuk ke tema terorisme, Imam akan memberikan membereskan amplop saya akan maju ke paslon 01 untuk memilih kembali huruf yang harus dijawab pertanyaannya kita tunggu sebentar supaya imam bisa selesai dengan susunan amplop kita siap silakan Pak Jokowi atau Pak Maruf ya Pak Maruf saya ditunjukan dulu Pak oke dan ditunjukkan ke ya Pak ya Bapak ambil lagi kita ulang lagi kita ulang lagi karena"
21:17,Ira Koesno,silahkan Pak baik saya pegang pak Maaruf angka maksud saya huruf yang sama yaitu adalah B
21:17,Imam Priyono,"huruf B saya ambil masih ter Segel. Paslon 01 mohon diperhatikan saya hanya bacakan 1 kali. pemberantasan terhadap terorisme sering kali berbenturan dengan isu hak asasi Manusia. Bagaimana strategi Anda agar pemberantasan terorisme bisa benar-benar di jalankan, tanpa ada persepsi dari masyarakat tentang terjadinya pelanggaran HAM harap jawab dapat merujuk pada kasus-kasus yang konkrit agar dapat secara jelas menggambarkan permasalahan yang"
21:18,Imam Priyono,dihadapi. Silahkan dijawab waktunya 2 menit dimulai saat Bapak berbicara
21:18,Maruf Amin,"terorisme adalah merupakan akan kejahatan oleh karena itu terorisme harus diberantas sampai ke akar akarnya. Majelis Ulama Indonesia telah mengeluarkan fatwa bahwa terorisme bukan jihad oleh karena itu haram dilakukan bahkan teroris dianggap melakukan kerusakan ifsaq dalam al Quran dinyatakan bahwa orang yang melakukan perusakan di bumi harus dihukum dengan keras dengan berat oleh karena itu, upaya-upaya"
21:19,Maruf Amin,menanggulangi terorisme harus dilakukan dengan 2 cara mensinergikan antara pencegahan dan penindakan. Kedepan kami lebih mengutamakan pencegahan melalui petra radikalisme untuk menghilangkan atau menekan paham-paham Radikal dan intoleran. Dan melalui de radikalisasi untuk mengembalikan mereka yang sudah terpapar untuk itu di dalam melakukan tindakan kami juga lebih akan pendekatan yang humanis manusiawi dengan tidak harus melanggar HAM asasi manusia untuk itu dalam menanggulangi terorisme di masih akan datang kami akan mengajak ormas ormas organisasi masyarakat khususnya keagamaan
21:20,Joko Widodo,saya melihat bahwa aparat harus di
21:20,Imam Priyono, Pak Jokowi maaf waktunya habis
21:20,Ira Koesno,waktunya habis yah Pak Jokowi
21:20,Imam Priyono,selanjutnya paslon 02 silakan menanggapi waktunya 1 menit 
21:20,Prabowo Subianto,Jadi waktu saya masih muda saya spesialisasinya adalah di bidang antiteror saya yang bentuk bersama dengan pak luhut panjaitan pasukan anti teror yang pertama dari saya mengerti saya paham masalahnya adalah karena pengalaman saya itu saya mengetahui bahwa sering kali terorisme hal ini adalah dikirim dari negara lain dan sering juga di buat nyamar tolak teroris itu dari orang Islam padahal itu sebetulnya di dia itu bukan dikendalikan
21:21,Prabowo Subianto,"on oleh orang yang mungkin juga bukan orang Islam mungkin juga orang asing ataupun Beker kau orang asing senyum saya mengerti benar-benar jadi bahwa stigmatisasi bahwa seolah radikal radikal itu selalu dicap kepada orang Islam, saya menolak itu saya setuju deradikalisasi"
21:21,Imam Priyono,waktunya habis
21:21,Prabowo Subianto,saya dukung usaha-usaha yang bisa
21:21,Ira Koesno,Waktunya habis habis Pak Prabowo
21:21,Imam Priyono,Selanjutnya paslon nomor 1 silahkan menanggapi 1 menit
21:21,Joko Widodo,Ya negara kita ini sudah banyak dijadikan contoh oleh negara-negara lain dalam menangani terorisme kita tidak hanya melalui pendekatan menekan hukum yang tegas tetapi juga ada pendekatan yang persuasif melalui pembinaan agama pembinaan ekonomi dan sosial tapi yang paling penting buat saya aparat harus dibekali pengetahuan mengenai ham aparat harus tahu mengenai ham SOP juga harus berbasis HAM
21:22,Joko Widodo,"dan Undang-Undang yang terorisme yang sudah ada di 2018 yang lalu itu juga menitik beratkan pada pencegahan pada pendekatan sosial, pada pendekatan ekonomi, pada pendekatan budaya, pendekatan keagamaan dan juga yang lebih penting juga ada transparansi saat proses penindakan sehingga menjadi jelas."
21:22,Imam Priyono,Waktunya habis dan selanjutnya kami akan persilakan Ira menuju ke paslon 02 kita segera memasuki sesi kedua pertanyaan berkaitan dengan tema terorisme
21:22,Ira Koesno,Pak Prabowo Pak Sandi silakan mengambil hati-hati agak licin pak tunjukkan dulu kepada saya baru ditunjukkan ke kamera sesudahnya. sudah pak hati-hati ya silakan. 
21:22,Joko Widodo,huruf E
21:23,Ira Koesno,huruf E 
21:23,Imam Priyono,masih terus segel dan langsung saya buka dan segera saya bacakan. kami ingatkan saya hanya membacanya 1 kali iya terorisme dan radikalisme semakin men jadi ancaman karena itu dibutuhkan langkah pencegahan dan de radikalisasi hal ini bukan hanya bagi individu yang sudah terpapar paham teroris mobil masuk dan keluarganya tetapi juga lingkungan yang menjadi lahan Subur berkembangnya paham ini. Apa strategi Anda untuk menjalankan program pencegahan dan deradikalisasi yang efektif? waktunya 2 menit dimulai saat bapak berbicara
21:23,Prabowo Subianto,tadi saya sebut bahwa banyak Terorisme yang merupakan
21:24,Prabowo Subianto,"penyusupan dari luar yang tersebar dari dalam negeri menurut pendapat saya adalah akibat rasa ketidakadilan rasa keputusasaan mereka melihat perlakuan yang tidak baik tidak benar mereka merasa tersakiti dengan demikian mereka bisa dipengaruhi oleh pengajar pengajar ataupun paham-paham yang radikal dan mengarah kepada kekerasan jadi saya sangat mendukung setiap usaha deradikalisasi pendidikan untuk itu Prabowo Sandi manakala kita yang memimpin pemerintahan kita akan benar-benar investasi besar-besaran dalam pendidikan dalam kesehatan untuk membantu rakyat yang paling bawah rakyat paling miskin kita akan bantu pesantren-pesantren, madrasah-madrasah, guru-guru, di mana-mana harus kita perbaiki kapasitasnya kualitas hidupnya dengan demikian mereka yang akan bisa mempengaruhi pendidikan"
21:25,Prabowo Subianto,pengajaran pembangunan iklim yang terbaik untuk suasana tidak putus asa suasana tidak merasa benci tidak merasa tersakiti
21:25,Sandiaga Uno,"yah kit kita juga harus melihat program-program kontra radikalisasi kepada masyarakat luas. Bagaimana kita melakukan kontra ideologi ,kontra narasi dan juga kita lakukan kontra-propaganda. Banyak sekali masyarakat yang tidak bisa merasakan masa depan yang cerah akhirnya terpapar karena kebutuhan ekonominya oleh karena itu Prabowo sandy akan melihat peta peta di mana risiko ini timbul berdasarkan ideologi motivasi dan psikologinya kita harus hadir untuk mereka untuk memastikan mereka tidak terjerumus pada terorisme itu yang menjadi komitmen adil makmur bersama Prabowo Sandi"
21:25,Imam Priyono,mohon ditahan mohon ditahan selanjutnya paslon 01 silakan menanggapi waktunya 1 menit
21:26,Maruf Amin,Deradikalisasi itu dari mereka yang sudah terpapar mengembalikan ke jalan yang lurus ya ilal Haq menjadi Radikal lalu itu kenapa HAM keagamaan yang menyimpang maka yang harus kita Doktrin kan bagaimana meluruskan paham keagamaannya yang menyimpang itu yang in Khilaf itu tetapi kalau itu disebabkan oleh faktor-faktor ekonomi sosial maka pendekatannya adalah melalui pemberian lapangan kerja dan juga santunan yang bisa mengembalikan mereka kepada
21:27,Maruf Amin,jalan yang lurus saya kira ini yang harus kita kaji betul kenapa dia menjadi Radikal
21:27,Imam Priyono,waktunya habis mohon ditahan pendukung paslon 01 mohon ditahan paslon 02 kami persilakan untuk menanggapi kembali waktunya satu menit
21:27,Prabowo Subianto,"ya tadi sudah kita singgung sebab musabab terorisme dan untuk itu indonesia negara kita harus kuat kita harus kuat dan padi kita harus swasembada pangan tidak boleh bergantung bangsa lain. Energi, air, lembaga kuat dan angkatan perang kita harus kuat, pulih kita harus kuat intelijen kita harus kuat kita harus bisa mendeteksi sebelum terjadi terorisme ya jangan menunggu ini perlu investasi ini perlu saya merasa bahwa ya ini bukan salah siapa-siapa mungkin kelengahan"
21:28,Prabowo Subianto,pemerintah tetapi saya akan meningkatkan investasi di bidang polisi intelijen dan angkatan bersenjata angkatan perang kita harus kita perkuat supaya kita bisa eh tahan kita bisa mendahului
21:28,Imam Priyono,waktunya habis Pak Prabowo waktunya habis ini dia segmen yang luar biasa boleh kita berikan tepuk tangan yang paling meriah untuk segmen ini penonton pendengar dan warganet usai jeda kami akan masuk ke segmen debat pasangan kandidat yang akan kembali mengangkat tema Hukum dan HAM namun bedanya pertanyaan ini datang dari masing-masing pasangan calon tetaplah bersama kami di Debat Pertama Capres dan Cawapres 2019
21:36,Ira Koesno,selamat malam untuk Anda yang baru bergabung bersama kami inilah Debat Pertama Capres Cawapres Pemilu 2019 dalam dua segmen berikutnya setiap paslon akan memberikan 1 pertanyaan kepada paslon lainnya jika pada segmen-segmen sebelumnya pertanyaan di susun oleh para panelis kali ini gagasan murni berasal dari para paslon jadi mestinya tidak kisi-kisi tidak ada pertanyaan terbuka dan jawaban pertanyaan akan ditanggapi oleh paslon penanya untuk kemudian direspon keembali
21:37,Ira Koesno,oleh pasangan lainnya kami ingatkan kepada para paslon yang direspon adalah apa yang disampaikan oleh paslon lainnya paslon lainnya
21:37,Pembicara,mari kita berharap diskusi melam hari ini akan bernas akan kuat dan sangat fundamental
21:37,Imam Priyono,untuk publik kita dan untuk segmen ini akan dimulai dari tema hukum dan hak asasi manusia atau ham sesuai dengan hasil pengundian yang telah dilakukan sebelumnya kesempatan pertama akan diberikan kepada paslon 01 untuk bertanya kemudian kami segera persilahkan Anda untuk segera bertanya kepada paslon 02 waktunya dua menit dimulai mohon maaf kami ulangi waktunya adalah 1 menit dimulai saat Anda berbicara
21:37,Joko Widodo,terima kasih dalam visi misi babak menyebutkan bahwa setiap kebijakan Akan per perspektif gender dan pemberdayaan
21:38,Joko Widodo,dan perempuan akan mem prioritaskan pemberdayaan perempuan tapi saya melihat dalam struktur pengurusan partai yang bapak pimpin jabatan jabatan strategis seperti ketua umum Ketua Dewan Pembina ketua dewan penasehat ketua dewan ketua harian Wakil Ketua harian Sekjen bendahara semuanya laki-laki bagaimana bapak menjabat menjawab inkonsistensi ini. 
21:38,Imam Priyono,waktu bertanya masih ada paslon no 1 ini bapak  apakah cukup baik bila cukup saya akan segera persilakan paslon 02 menjawab pertanyaan na dari paslon 01 dan waktu menjawabnya 2 menit dimulai saat bapak berucap 
21:38,Prabowo Subianto,baik saya ingin jelaskan partikel kami adalah partai muda
21:39,Prabowo Subianto,partai baru kami baru berdiri kurang lebih 10 tahun dan pada saat penyusunan tentunya kita memilih dan menunjuk siapa yang paling pertama dan paling mau untuk muncul tetapi benar yang Bapak tersebut tapi yang di eselon-eselon seperti sebagai waktu contoh wakil ketua umum saya kira cukup kita punya wakil ketua umum Ibu Rahmawati Soekarno putri iya beliau bertanggung jawab untuk ideologi kita juga punya beberapa Wakil Ketua Umum lainnya kemudian kita punya sayap partai yang namanya perempuan Indonesia Raya dan kita punya susunan caleg saya kira mungkin terbanyak dari seluruh Partai Pak Undang-Undang kalau tidak salah mewajibkan 30 % kita mungkin sudah medekati 40 puluh % dalam mungkin tidak sampai 40 tapi sudah mendekati dan itu tekad kami
21:40,Prabowo Subianto,jadi kita memang mengakui ini adalah suatu perjuangan kita belum puas tapi eh kami membuka peluang sebesar besarnya untuk emak-emak perempuan untuk untuk bergerak dan sekarang pendukung kita yang paling keras adalah emak-emak di seluruh Indonesia saya kira demikian
21:40,Imam Priyono,waktunya masih tersedia [Sandiaga Uno] saya bukan gerindra lagi pak Gak bisa jawab Pak 
21:40,Prabowo Subianto,oh ya benar-benar benar sorry sorry kecuali bapak angkat lagi Pak gak jangan-jangan
21:40,Imam Priyono,cukup cukup cukup selanjutnya saya akan persilakan paslon 01 untuk menanggapi jawaban dari paslon 02 waktunya 1 menit
21:40,Joko Widodo,iya sebetulnya saya tidak harus menjawab lagi karena Pak Pra bowo mengakui tetapi bahwa
21:41,Joko Widodo,apa yang sudah diakui tadi kalau boleh bandingkan mohon maaf misalnya di kabinet saya saat saya membentuk kabinet ada 9 menteri perempuan yang menempati tempat-tempat strategis misalnya menlu itu adalah menteri luar negeri pertama kemudian menteri BUMN menteri keuangan kemudian menteri LHK kemudian menteri yang berani dan nekat menteri kelautan dan perikanan dan saya juga pernah membentuk younger kapan saja KPK terdiri dari 9 orang yang semua semuanya perempuan dan mereka bisa memilih komisioner yang 
21:41,Imam Priyono,waktunya habis
21:42,Imam Priyono,Pak jokowi waktunya habis selanjut paslon 02 kami persilakan menanggapi tanggapan dari paslon 01 waktunya satu menit
21:42,Prabowo Subianto,baik saya kira itu tapi juga sekarang masyarakat juga menilai beberapa yang bapak tadi banggakan justru yang menunjukkan suatu kerugian kerugian besar bagi kepentingan bangsa dan rakyat jadi menurut saya kita jangan permasalahkan orang demi orang ya kita masalahkan adalah kebijakan kebijakan yang dia hasilkan dan dia produk kan jadi kalau dibilang masalah gender oke kita cari kita bisa hitung jumlah tapi kalau kita bilang output kita bisa berlipat lagi kita berbisa lipat lebih lama lagi jangan hanya perempuan diangkat dan kita bangga harus perempuan tapi juga cakap dan pro rakyat dan tidak perempuan mengambil kebijakan kebijakan yang merugikan rakyat
21:43,Prabowo Subianto,ini masalahnya ya jadi saya saya tidak akan membanggakan hanya karena dia perempuan kalau dia perempuan tapi dia tidak membela rakyat sendiri ya saya kira
21:43,Imam Priyono,Pak Prabowo waktunya habis tidak perlu dibanggakan waktunya habis Pak Prabowo 
21:43,Ira Koesno,baik kita langsung saja masuk para paslon kita masuki bagian kedua masih pertanyaan dengan tema hukum dan hak asasi manusia atau HAM dan kali kesempatan kami berikan kepada paslon nomor 02 untuk bertanya dan waktunya adalah lah satu menit dimulai pada saat Anda mulai bicara silakan
21:43,Sandiaga Uno,ya seperti kita ketahui banyak hukum yang masih tumpang tindih dan salah 1 dari pertanyaan yang sering ditanyakan kepada saya di masyarakat bahwa bagaimana lagi Bapak sudah 4 tahun bekerja untuk meyakinkan masyarakat bahwa tumpang tindih hukum dan lahirnya benturan
21:44,Sandiaga Uno,benturan kepentingan baru seperti penunjukan penunjukan aparat hukum yang berafiliasi terhadap partai politik itu ditanyakan oleh masyarakat bagaimana investasi bisa meningkat kalau ada kepastian hukum yang terus dipertanyakan UKM sulit untuk berkembang banyak sekali UKM yang menanyakan kepastian hukum nah kami ingin menanyakan kepada bapak bagaimana untuk memastikan dan ini terjadi di seandainya bapak mendapatkan amanah dari Allah subhaana Wata ala untuk 5 tahun ke depan sementara bapak sudah 4 tahun 4 tahun menunjukkan ketidakberhasilan untuk kepastian hukum dan benturan kepentingan hadir di mana terima kasih
21:44,Ira Koesno,cukup langsung saja dijawab oleh paslon 01 waktunya satu menit waktunya koreksi 2 menit
21:44,Pembicara,saya akan lakukan revisi-revisi Undang-Undang
21:44,Joko Widodo,yang menghambat
21:45,Joko Widodo,berkembangnya UKM UKM kita. kita akan revisi banyak sekali Undang-Undang yang tidak pro pada investasi kita juga akan perbaiki aparat-aparat yang tidak memberikan pengayoman tidak memberikan perlindungan terhadap rakyat kita karena menurut saya hukum adalah bagaimana negara ini bisa melindungi rakyatnya hukum harus bisa memberikan kepastian kepada investasi dan dunia usaha dan hukum juga tidak Tebang pilih dan hukum betul-betul bisa memberikan rasa tenteram rasa nyaman kepada seluruh rakyat Indonesia pak kiai saya
21:46,Pembicara,[Joko Widodo] persilahkan untuk menambahkan [Maruf Amin] program kami ke depan adalah melanjutkan
21:46,Maruf Amin,reformasi di bidang hukum secara total salah satunya adalah penataan regulasi penataan regulasi itu menghilangkan yang tumpang tindih dan membuat regulasi peraturan yang berkualitas yang menguntungkan rakyat memudahkan rakyat dan akan memberikan peluang terhadap investasi dan pengembang dan UKMsaya kira itu
21:46,Ira Koesno,cukup waktunya masih ada juga cukup langsung saja paslon 02 memberikan tanggapan kita tahan untuk pendukung 01 memberikan tanggapan atas apa yang disampaikan oleh 02 waktunya adalah 1 menit
21:46,Prabowo Subianto,jadi yang kita permasalahkan adalah
21:47,Prabowo Subianto,bagaimana yang yang Bapak sebut tadi ya Pak Presiden Jokowi tadi sebut aparat-aparat yang tidak mengagumi ditutup sekarang masalah yang kita ingin tanya sebagaimana karena bapak sudah memimpin selama 4 tahun jadi bagaimana apa yang-yang kita tunggu adalah sebetulnya apa yang bisa tak dilakukan segera sehingga tidak terjadi yang seperti yang kita kuatirkan semua itu sehingga terjadilah sekarang kesan bahwa penegakan hukum keadilan itu hanya untuk orang kuat orang kaya orang yang punya koneksi yang tadi ditanya oleh wakil Presiden saya Insya Allah mencolok ini ane jadi ditanya adalah bagaimana tanggapan Bapak ya kalau jabatan jabatan penting itu diserahkan kepada Kader yang aktif dari partai-partai politik dan bukan seorang yang benar netral
21:47,Ira Koesno,waktunya habis
21:48,Ira Koesno,Pak Prabowo langsung disambut diberi tanggapan oleh paslo 01 waktunya 1 menit dari kata pertama
21:48,Joko Widodo,saya kira kita tidak boleh mendiskriminasi bahwa se sebuah jabatan itu harus diberikan kepada tidak kepada orang partai atau tidak ada harus kepada seorang profesional menurut saya jabatan itu yang paling penting seperti tadi bisa sampaikan ada sebuah merit system ada sebuah proses rekrutmen yang betul proses rekrutmen yang transparan proses recruitment yang mengacu pada kompetensi kepada integritas kepada kapasitas banyak kok aparat hukum yang berasal dari partai yang dalam memimpin juga sangat baik dan legendaris misalnya Pak Baharuddin lopa itu dari PPP nyatanya memimpin kejaksaan juga bias sangat baik kenapa harus
21:49,Joko Widodo,jadi di bedakan ini yang partai ini yang non partai saya kira sama saja buat saya yang paling penting proses rekrutmen yang penuh
21:49,Ira Koesno,waktunya habis Pak Jokowi kita tepuk tangan untuk segmen ini silakan pendukung 02 01 dan tema hukum dan HAM sudah selesai dibahas di segmen ini.
21:49,Imam Priyono,Ya penonton pendengar dan juga warganet usai jeda pariwara kami akan segera kembali dan masuki sesi debat pasangan kandidat untuk tema korupsi dan terorisme dan tetaplah bersama kami di debat pertama capres dan cawapres 2019
21:57,Ira Koesno,penonton pendengar dan warganet kembali kita di debat pertama capres cawapres pemilu 2019 dan kita akan lanjutkan sesi debat dan saling bertanya antar kandidat seperti sebelumnya gagasan pertanyaan di segmen ini murni berasal dari para paslon tidak ada kisi-kisi paslon akan memberikan satu pertanyaan yang kali ini berkaitan dengan tema korupsi dan terorisme kepada paslon lainnya jawab pertanyaan akan ditanggapi oleh paslon penanya untuk kemudian direspon kembali oleh
21:57,Pembicara,[Ira Koesno] paslon lainnya [Imam Priyono] dan kali ini kesempatan pertama akan kami berikan kepada paslon nomor 02 dan waktu
21:57,Imam Priyono,bertanya adalah 1 menit dimulai saat bapak berbicara
21:58,Prabowo Subianto,"baik kita mengetahui bersama bahwa masalah korupsi dan konflik kepentingan ini sangat erat hubungannya saya ingin bertanya bagaimana pandangan bapak tentang konflik kepentingan ini apakah bapak bisa meyakini dan menjamin bahwa pejabat-pejabat yang bekerja untuk bapak benar-benar tidak memiliki kepentingan pribadi kelompok atau bisnis dalam kebijakan kebijakan yang diambil terutama dalam impor-impor beras,gula dan komoditas-komoditas yang sangat dirasakan merugikan petani-petani kita. Terima kasih. Waktu bertanya masih ada cukup"
21:59,Imam Priyono,cukup langsung menuju ke paslon 01 1 menjawab waktunya 2 menit dan tolong jawab pertanyaan dari paslon 02 dimulai di saat bapak berbicara
21:59,Joko Widodo,"Pertama akan saya mulai terlebih dahulu dari saya Pak Prabowo. Saya ini tidak memiliki beban beban masa lalu sehingga lebih enak dalam bekerja, enak dalam memberikan perintah-perintah. Tadi bapak menyampaikan bahwa apakah tidak ada kepentingan pejabat-pejabat yang kami angkat? Ya kalau memang ada dan bapak memiliki bukti bukti yang kuat ya jalankan aja mekanisme hukum dilaporkan saja ke polisi laporkan saja ke KPK laporkan saja ke kejaksaan kalau memang ada buktinya tetapi bahwa pemerintah kami"
22:00,Joko Widodo,"ingin semuanya sederhana ingin semuanya mudah seperti yang telah kita bangun yaitu online single submission sebagai contoh. Dengan online single submission ini yang dulunya kalau orang ingin mencari ijin 9 ijin bertahun-tahun bukan bergulat berbulan-bulan bertahun-tahun ijin sekarang bapak sebagai pengusaha Pak Sandy sebagai pengusaha datang ke online single submission coba Bapak datang bapak tunggu 2 jam,izin-izin akan keluar dan bapak bisa langsung memulai usaha. Inilah yang kita lakukan yaitu memperbaiki sistem menyediakan sistem sehingga peluang untuk terjadinya korupsi itu betul tidak ada. Ada transparansi disitu ada keterbukaan di situ, ada management pengawasan yang ketat di situ, ada management controlling yang"
22:01,Joko Widodo,"baik di situ. Kalau memang masih ada, sekali lagi kalau bapak memiliki bukti-bukti yang kuat, ya silakan saja di laporkan itu jawaban saya"
22:01,Imam Priyono,Waktunya masih ada. Waktunya habis dan langsung ditanggapi menanggapi paslon 02 waktunya 1 menit.
22:01,Prabowo Subianto,"Pak Pak Jokowi yang saya hormati dengan segala kerendahan hati yang membingungkan kami adalah bahwa di antara menteri-menteri bapak itu berseberangan ada yang mengatakan produksi apa persediaan beras cukup, tapi ada lagi yang mau impor beras. Jadi ini yang membingungkan kami. Jadi kami bertanya kepada bapak. Bagaimana pejabat yang bapak angka termasuk Dirut bulog, Pak Buwas, mengatakan bahwa cukup kemudian menteri pertanian bapak mengatakan cukup tapi"
22:02,Prabowo Subianto,Menteri Perdagangan bapak mengizinkan impor komoditas pangan yang begitu banyak ini yang membingungkan rakyat dan kami ini masalah pemerintahan bapak sendiri di antara pejabat-pejabat yang bapak angkat itu karena itu kami tanya kepada Bapak Bapak apakah bapak benar-benar yakin tentang tidak ada konflik kepentingan itu saja Pak waktu habis silahkan ditanggapi lagi waktunya 1 menit
22:02,Joko Widodo,ya kalau ada perbedaan perbedaan seperti itu saya kira dalam dinamika sebuah apa di rapat-rapat saya persilakan kok Menteri menteri itu saling debat periksakan saya dengarkan ada yang mau tidak import ada yang mau import tetapi kalau sudah diputuskan ya memang harus jalankan bahwa kalau menteri sama semuanya malah gak menurut saya malah gak bagus tidak ada saling kontrol
22:03,Joko Widodo,"tidak ada saling ngecek tidak ada saling mengawasi penting sekali sekarang ini Tidak usah menteri itu harus sama semuanya, berbeda enggak apa-apa. Debat di rapat saya persilakan kok, tidak ada masalah. Nanti kalau sudah rampung debatnya baru saya putuskan impor atau tidak perlu kita putuskan menurut saya biasa menteri-meneteri saya dengan situasi-situasi seperti itu tidak-tidak buat  saya bukan sesuatu yang tidak baik malah baik karena ada saling kontrol dan masyarakat juga tahu"
22:03,Imam Priyono,waktunya habis waktunya habis
22:03,Ira Koesno,dan kita boleh tepuk tangan untuk sesi ini untuk 02 maupun 01 silahkan baik kita mulai tidak boleh ada yel-yel kita akan lanjutkan 01 dan 0 2 kita akan lanjutkan kembali kita masuk ke bagian kedua temanya masih sama paslon adalah korupsi
22:04,Ira Koesno,dan terorisme kini kami berikan kesempatan kepada paslon nomor 01 untuk bertanya silakan waktunya adalah satu menit dari kata pertama yang diucapkan
22:04,Joko Widodo,kita tahu korupsi adalah kejahatan yang luar biasa bahkan Pak Prabowo pernah mengatakan bahwa korupsi di Indonesia sudah tak jumpa meskipun ini sanggar saya ngga setuju tapi menurut icw ini menurut icw partai yang bapak pimpin termasuk yang paling banyak mencalonkan mantan koruptor mantan napi korupsi yang saya tahu caleg itu yang tanda tangan ada ketua umumnya berarti pak Prabowo yang tanda tangan bagaimana bapak menjelaskan mengenai ini
22:04,Ira Koesno,"waktunya masih ada akan dimanfaatkan paslon satu waktunya masih ada akan dimanfaatkan? cukup. langsung paslon 02 menjawab, waktunya adalah 2 menit."
22:05,Prabowo Subianto,"Baik itu untuk mungkin icw tapi saya sendiri belum dapat itu pelaporan itu dia dan benar-benar itu juga saya kira sangat subjektif saya tidak,saya tidak setuju itu saya seleksi caleg-caleg itu kalau ada bukti silahkan laporkan kepada kami"
22:05,Ira Koesno,kita tahan pendukung kita tahan
22:05,Prabowo Subianto,Dan begini pak ada juga kadang-kadang ya tuduhan tuduhan korupsi yang korupsi itu ya menerima THR seluruh DPRDnya semuanya lintas partai pak. Kalau kita sekarang di kejaksaan boleh kita bandingkan ya. Berapa orang yang sekarang sudah menunggu masuk KPK ataupun sudah didalam penjara kita bisa cak saya kira janganlah kita apa saling menuduh soal partai kita masing-masing ya saya jamin partai Gerindra akan melawan korupsi sampai
22:06,Prabowo Subianto,ke akar akarnya kalau ada anggota Gereja korupsi Saya yang akan masukin ke akar-akarnya penjara sendiri
22:06,Ira Koesno,Waktunya masih ada akan dimanfaatkan. Kita tahan paslon 02 waktunya masih ada akan dimanfaatkan atau cukup
22:06,Prabowo Subianto,cukup
22:06,Ira Koesno,Langsung paslon
22:06,Pembicara,Pokoknya kita anti korupsi
22:06,Ira Koesno,paslon 01 langsung menanggapi kembali apa yang disampaikan paslon 02 waktunya 1 menit sebentar sebelum dimulai kita tidak akan mulai kalau kita tidak tenang ya. 
22:06,Joko Widodo,Mohon maaf Pak Prabowo jadi yang saya maksud tadi adalah mantan koruptor atau mantan napi korupsi yang bapak calonkan calon sebagai caleg itu ada icw memberikan data itu ICW memberikan data itu jelas sekali ada 6 yang bapak calonkan dan yang tanda tangan dalam pencalegan itu adalah ketua umumnya dan Sekjen artinya
22:07,Joko Widodo,bapak tanda tangan
22:07,Prabowo Subianto,Pak boleh jawab
22:07,Ira Koesno,"Untuk memberikan tanggapan tidak boleh sebentar apakah waktunya sudah selesai untuk bertanya Sebentar. Sebentar. Waktunya ditahan, di freeze. ditahan dulu. Jokowi silakan lanjut"
22:07,Joko Widodo,"Mohon maaf Pak Prabowo, jadi saya tidak menuduh partai bapak"
22:07,Imam Priyono,[Imam Priyono] waktunya habis [Ira Koesno] 
22:07,Ira Koesno,dan kita boleh tepuk tangan untuk sesi ini untuk 02 maupun 01 silahkan baik kita mulai tidak boleh ada yel-yel kita akan lanjutkan 01 dan 0 2 kita
22:07,Joko Widodo,si yang sudah
22:07,Ira Koesno,ya waktunya habis Pak Jokowi silakan langsung menanggapi paslon 02 waktunya adalah 1 menit.
22:07,Prabowo Subianto,jadi mantan korupsi saya kira kita pelajari dan begini inikan demokrasi pak kita umumkan aja ke rakyat kalau rakyat ndka mau milih ya gak akan dipilih kan begitu yang jelas pak kalau kasus itu sudah
22:08,Prabowo Subianto,melalui proses dia sudah dihukum atau dan kalau memang hukum mengizinkan kalau dia dianggap masih bisa dan rakyat menghendaki dia dan dia punya kelebihan kelebihan lain mungkin korupsi juga enggak seberapa mungkin dia karena mungkin eh begini kalo curi benar itu salah tapi kalau merugikan rakyat triliunan itu saya kira harus kita habiskan di Indonesia ini 
22:08,Ira Koesno,waktunya masih ada akan dimanfaatkan cukup baik imam langsung saja
22:08,Imam Priyono,dan penonton pendengar juga warganet usai jeda kami akan masuk ke segmen pamungkas tetaplah bersama kami di
22:16,Ira Koesno,Penonton pendengar dan warga net kini kita sampai pada sesi akhir debat malam ini. kedua pasangan capres dan cawapres punya kesempatan menyampaikan pernyataan penutup dan kami tahu cara pasang sudah menyiapkan kalimat penutup itu. Tapi kami minta ada tambahan elaborasi para paslon harap menyimak sampaikan penutup yang bernuansa
22:17,Ira Koesno,"menyejukkan, termasuk apresiasi para paslon terhadap lawan debat anda pada malam hari ini selama debat berlangsung jadi tolong elaborasi juga dalam kata penutup 2 pesan utama yaitu damai dan hal-hal positif untuk kesempatan pertama kami berikan kepada paslon 01. Silakan kalau mau kemudian mengelaborasi terlebih dahulu antar capres dan cawapres. Kalau sudah siap waktunya adalah 2 menit mulai dari kata pertama yang di ucapkan."
22:17,Joko Widodo,"Kami tidak ingin banyak bicara, kami sudah paham persoalan bangsa ini dan tahu apa yang harus kami lakukan. Kami tidak punya potongan diktator atau otoriter kami tidak punya rekam jejak melanggar ham kami tidak punya rekam jejak"
22:18,Joko Widodo,melakukan kekerasan. Kami juga tidak punya rekam jejak masalah korupsi. Jokowi-Amin akan pertaruhkan jabatan dan reputasi dan akan kami gunakan semua kewenangan yang kami miliki untuk perbaikan bangsa ini.
22:18,Ira Koesno,Bisa dilanjutkan pak masih ada waktunya.
22:18,Joko Widodo,Cukup. 
22:18,Ira Koesno,Ada hal hal. 
22:18,Joko Widodo,Kami ingin kerja. 
22:18,Ira Koesno,Ada hal-hal positif yang harus diapresiasi dari pasangan
22:18,Pembicara,[Ira Koesno] lawan debat malam ini. 
22:18,Maruf Amin,Cukup cukup. 
22:18,Joko Widodo,Cukup. 
22:18,Maruf Amin,Cukup.
22:18,Ira Koesno,tidak akan dimanfaatkan silakan paslon nol satu cukup. baik silahkan Imam.
22:18,Imam Priyono,"Selanjutnya kesempatan berikutnya kami berikan pada paslon nomor 02 untuk menyampaikan pernyataan penutup yang bernuansa menyejukkan, termasuk apresiasi kepada paslon lainnya selama debat berlangsung. Elaborasi dua pesan utama itu damai dan positif waktu 2 menit dimulai saat"
22:19,Imam Priyono,bapak berbicara.
22:19,Prabowo Subianto,"Saudara-saudara sekalian, kepastian hukum, penegakan hukum, institusi institusi hukum terutama hakim, jaksa, dan polisi adalah prasyarat bagi suatu negara yang berhasil. Untuk itu kami apabila menerima mandat dari rakyat ini yang akan kami perkuat. Hal ini akan kami perbaiki, terutama kami akan bicara realistis. Untuk orang supaya kuat, supaya tidak korup ini yang harus kita bangun penyelesaiannya. Jadi yang kami ingin adalah bicara penyelesaian akar masalah. Kita tidak mau cari kesalahan kecil-kecil ini atau kita mau mengatakan ini salah"
22:20,Prabowo Subianto,"itu salah siapa yang salah, tidak. Kami melihat ini persoalan bangsa kami ingin menyelesaikan akar masalah karena itu, kami bertekad untuk menghentikan kebocoran kami bertekad kenaikan tax ratio. Kami yakin negara ini sangat-sangat kaya. Tetapi terjadi kebocoran kebocoran kekayaan. Kekayaan kita mengalir keluar negeri ini bukan salah siapa saja ini salah kita bersama, sebagai bangsa. Dan ini kesalahan elite yang membiarkan ini sudah puluhan tahun kita mau cari jalan keluarnya. Kita perbaiki kita lipat gandakan gaji-gaji hakim,jaksa, dan polisi dan dengan demikian kita berharap akan ada lembaga hakim, lembaga polisi lembaga jaksa yang tidak dapat di korupsi. Mereka incorruptable of our country. Kita harus cari the best and brightest untuk di lembaga-lembaga itu"
22:21,Prabowo Subianto,supaya mereka menjadi pilar sehingga kita Bebas dari korupsi.
22:21,Imam Priyono,Waktunya habis. 
22:21,Ira Koesno,"Ini kelihatannya fair Mam, karena dari paslon maupun paslon 2 belum ada atau tidak ada yang memberikan apresiasi pada malam hari ini tetapi kita sambut ya. Kita tepuk tangan untuk paslon 1 dan paslon 2 baik pak Jokowi,pak maruf amin, Pak Prabowo, pak Sandi, [Prabowo Subianto] namanya debat harus seru.  Iya kita boleh kembali dulu pak. Ini belum selesai pak hahaha, Silahkan Pak Jokowi, Pak Ma'ruf, Pak Prabowo"
22:21,Imam Priyono,Kita kembali sejenak pak. 
22:21,Ira Koesno,"Ini masih bagiannya moderator, Pak. Jadi belum boleh difoto"
22:21,Imam Priyono,ini karena begiitu akrab dan hangatnya keempat paslon.
22:21,Ira Koesno,"Jadi tidak memberikan hal-hal positif apresiasi, tetapi hangat. baik jadi para penonton, pendengar, dan warganet inilah akhir debat pertama Capres Wapres 2019."
22:22,Ira Koesno,"Masih akan ada 4 debat lagi yang diselenggarakan oleh KPU dan semoga debat perdana ini mampu membantu memantapkan pilihan anda. Pilihan rasional dengan tetap menghormati perbedaan yang ada. Jangan sampai perbedaan mencabik-cabik dan melemahkan kita sendiri. Untuk Anda,"
22:22,Imam Priyono,"khususnya warganet ada kutipan dari seorang teman pegiat media sosial hal yang baru saja berpulang. Media sosial itu ibarat jendela kecil untuk menafsir siapa kita. Rawatlah demi masa depan yang lebih baik, bijaksana lah menggunakan jari-jari Anda."
22:22,Ira Koesno,"Saya Ira Koesno dan saya Imam Priyono kami mengucapkan terimakasih atas kebersamaan anda. Terimakasih juga untuk seluruh seluruh tim pendukung paslon, yang penuh semangat namun tetap terkendali mengikuti debat pertama ini. Ingat suara anda sangat berharga untuk turut menentukan masa depan Indonesia."
22:23,Imam Priyono,Baik dan selanjutnya mari kita sambut  bintang radio RRI yang cantik suaranya
22:23,Ira Koesno,sangat khas papua 
22:23,Imam Priyono,dan juga khas papua 
22:23,Ira Koesno,kita
22:23,Imam Priyono,kita sambut 
